crop,valid_season,soil_requirement,ph_text,temp_text,rain_text,organic_carbon_text,humidity_text,source,ph_min,ph_max,temp_min,temp_max,rain_min,rain_max
Acid Lime,Perennial,Deep Loamy,5.5-7.5,20-30,500-750,Not found,Dry,Project Crop Recommendation.docx table 14,5.5,7.5,20.0,30.0,500.0,750.0
Ajwain,Rabi,Well-drained Loamy,6.5 – 7.5,15 – 27,500 – 750 (Semi-Arid),Medium to High,60 – 70%,Project Crop Recommendation.docx table 10,6.5,7.5,15.0,27.0,500.0,750.0
Ajwain,Rabi,Well-drained Loam,6.5 - 7.5,15 - 27,500 - 700,Not found,60% - 70%,Project Crop Recommendation.docx table 16,6.5,7.5,15.0,27.0,500.0,700.0
Ajwain,Rabi,Loamy / Clay Loam,6.5−8.5,15−27,Not Found,High,60−70%,Project Crop Recommendation.docx table 2,6.5,8.5,15.0,27.0,,
Ajwain,Rabi,Sandy Loam,6.5 - 8.5,15 - 27,Low to Moderate,High,60 - 70,Project Crop Recommendation.docx table 30,6.5,8.5,15.0,27.0,,
Ajwain,Rabi,Sandy Loam,8.0−8.3,15−30,Low,0.15−0.23,Not found,Project Crop Recommendation.docx table 4,8.0,8.3,15.0,30.0,,
Aloe Vera,Perennial,Well-drained sandy loam,Up to 8.5,25 – 40,50 – 300 (Very low),Low (Hardy),Low to Medium,Project Crop Recommendation.docx table 17,8.0,9.0,25.0,40.0,50.0,300.0
Aloe Vera,Perennial,Coarse Sandy Loam,7.0 – 8.5,20°C – 40°C,50 – 300 mm,0.2% – 0.5%,Low,Project Crop Recommendation.docx table 3,7.0,8.5,20.0,40.0,50.0,300.0
American Cotton,Kharif,Irrigated Alluvial,5.8 - 8.0,25 - 35,400 - 600,Low (< 0.5%),50 - 70%,Project Crop Recommendation.docx table 34,5.8,8.0,25.0,35.0,400.0,600.0
Amla,Perennial,Light to Medium Sandy,6.5 - 9.5(Salt tolerant),0- 46 (Highly resilient),600 - 800,Low to Medium,30% - 70%,Project Crop Recommendation.docx table 27,6.5,9.5,0.0,46.0,600.0,800.0
Aonla,July - Aug,Sandy Loam / Clay,6.5−9.5,46−48,600−900,Not found,Moderate (Monsoon),Project Crop Recommendation.docx table 6,6.5,9.5,46.0,48.0,600.0,900.0
Aonla,Perennial,Sandy Loam to Clay,6.5 - 9.5,0 - 48,300 - 600,0.25 - 0.40,Humid at fruit set,Project Crop Recommendation.docx table 13,6.5,9.5,0.0,48.0,300.0,600.0
Aonla,Perennial,Stony/Loam,6.5-9.5,10-46,600-1000,Not found,50-80,Project Crop Recommendation.docx table 14,6.5,9.5,10.0,46.0,600.0,1000.0
Aonla,Perennial,Light to Medium,7.0 - 8.5,20∘C to 45∘C,400 - 800 mm,< 0.5% (Low),Low,Project Crop Recommendation.docx table 15,7.0,8.5,20.0,45.0,400.0,800.0
Aonla,Perennial,Sandy Loam / Sodic,6.5 - 9.5,10 - 48,515 - 570 mm,Low - Medium,48 - 80%,Project Crop Recommendation.docx table 18,6.5,9.5,10.0,48.0,515.0,570.0
Aonla,Perennial,Loam/Rocky,Alkaline tolerant,Up to 45 (Hardy),600 - 800 (Rainfed),Not found,40 - 60,Project Crop Recommendation.docx table 20,,,45.0,45.0,600.0,800.0
Aonla,Perennial,Sandy Loam,7.0 - 9.0,0 - 46 (Very hardy),600 - 1000 mm,Low (0.2 - 0.3%),50% - 80%,Project Crop Recommendation.docx table 24,7.0,9.0,0.0,46.0,600.0,1000.0
Aonla,Perennial,Sandy / Gravelly,6.5 - 9.5,20 - 40,300 - 500,Not Found,Low,Project Crop Recommendation.docx table 26,6.5,9.5,20.0,40.0,300.0,500.0
Aonla,Perennial,Sandy Loam to Clayey,7.5 – 8.5,22 – 35 (Mean),700 – 800,0.30 – 0.52,48.2 – 80.3,Project Crop Recommendation.docx table 31,7.5,8.5,22.0,35.0,700.0,800.0
Aonla,Perennial,Sandy Loam / Saline,6.5 – 8.5,25 – 30,600 – 1000,Not found,50 – 80,Project Crop Recommendation.docx table 32,6.5,8.5,25.0,30.0,600.0,1000.0
Aonla,Perennial,Saline/Sodic,6.5 - 9.5,20 - 35,400 - 800,Low (0.1-0.3),30 - 50,Project Crop Recommendation.docx table 8,6.5,9.5,20.0,35.0,400.0,800.0
Aonla,Perennial,Sandy Loam,7.0 - 9.0,20- 45,Low (Drought Hardy),Not found,Low,Project Crop Recommendation.docx table 9,7.0,9.0,20.0,45.0,,
Ashwagandha,Kharif,Sandy Loam / Loam,7.5 - 8.0,20 - 35,500 - 750,Low to Medium,,Project Crop Recommendation.docx table 1,7.5,8.0,20.0,35.0,500.0,750.0
Ashwagandha,Kharif,Sandy Loam,7.5-8.0,20-35,500-750,Not found,Low,Project Crop Recommendation.docx table 14,7.5,8.0,20.0,35.0,500.0,750.0
Ashwagandha,Kharif,Sandy Loam / Light Red Soil,7.5 - 8.0,20 - 35,600 - 750,Not found,Relatively Dry,Project Crop Recommendation.docx table 16,7.5,8.0,20.0,35.0,600.0,750.0
Ashwagandha,Kharif,Sandy Loam / Red,7.5−8.0,20−35,500−750 mm,Moderate,Low (Dry season),Project Crop Recommendation.docx table 2,7.5,8.0,20.0,35.0,500.0,750.0
Ashwagandha,Rabi,Sandy Loam/Light Red,7.5–8.0,20–35,500–750,Low,Low,Project Crop Recommendation.docx table 11,7.5,8.0,20.0,35.0,500.0,750.0
Ashwagandha,Rabi,Sandy Loam / Red,7.5 - 8.0,20 - 35,500 - 750,0.5 - 0.8,40 - 60,Project Crop Recommendation.docx table 25,7.5,8.0,20.0,35.0,500.0,750.0
Bajra,Kharif,Sandy Loam,6.5 - 8.0,25 - 35,400 - 600,Not found,40 - 55,Project Crop Recommendation.docx table 20,6.5,8.0,25.0,35.0,400.0,600.0
Barley,Rabi,Sandy,7.5–9.2,10–30,500–800mm,0.24%,Dry,Project Crop Recommendation.docx table 23,7.5,9.2,10.0,30.0,500.0,800.0
Barley,Rabi,Sandy Loam,6.5 - 8.5,10 - 30,300 - 500,Low-Med (0.2-0.5),40 - 50,Project Crop Recommendation.docx table 8,6.5,8.5,10.0,30.0,300.0,500.0
Barley,Rabi,Sandy Loam to Loamy,7.0 - 8.5,10 - 30,500 - 800mm,Medium,Low,Project Crop Recommendation.docx table 9,7.0,8.5,10.0,30.0,500.0,800.0
Ber,Kharif,Sandy Loam,Not found,High Tolerance,Low,Not found,Low,Project Crop Recommendation.docx table 6,,,,,,
Ber,Perennial,"Sandy, light, even degraded",7.0 – 9.0 (High tolerance),High tolerance (48°C+); summer dormancy,200 – 400 mm,Low (High tolerance),Not Found,Project Crop Recommendation.docx table 12,7.0,9.0,48.0,48.0,200.0,400.0
Ber,Perennial,Sandy Loam,6.5 - 9.0,20 - 35,250 - 500,0.20 - 0.40,Low,Project Crop Recommendation.docx table 13,6.5,9.0,20.0,35.0,250.0,500.0
Ber,Perennial,Sandy / Marginal,7.5 - 8.5,20∘C to 40∘C,200 - 400 mm,< 0.2% (Low),Low,Project Crop Recommendation.docx table 15,7.5,8.5,20.0,40.0,200.0,400.0
Ber,Perennial,Sandy Loam / Clay,7.0 – 8.0,20 – 40,400,Moderate,Low,Project Crop Recommendation.docx table 32,7.0,8.0,20.0,40.0,400.0,400.0
Ber,Perennial,Sandy/Gravel,6.5 - 9.0,15 - 45,200 - 500,Low (0.1-0.3),20 - 40,Project Crop Recommendation.docx table 8,6.5,9.0,15.0,45.0,200.0,500.0
Ber,Rabi,Sandy to Sandy Loam,7.0 - 9.2,15 - 40(Tolerates 50),300 - 500 mm,Very Low,Low,Project Crop Recommendation.docx table 24,7.0,9.2,15.0,40.0,300.0,500.0
Blackgram,Kharif,Heavy Clay,6.5–7.8,25–35,600–800,Medium,High,Project Crop Recommendation.docx table 11,6.5,7.8,25.0,35.0,600.0,800.0
Blackgram,Kharif,Deep loam to Sandy clay loam,7.0 - 8.3 (Actual),25 - 35 (Growth),500 - 1100 (Seasonal),Low (0.47 g kg^{-1}),60 - 80 (Moderate),Project Crop Recommendation.docx table 22,7.0,8.3,25.0,35.0,500.0,1100.0
Brinjal,Rabi,Sandy loam,8.3 (Alkaline),11 - 46 (Broad),729 (Annual Avg),0.47 g kg^{-1} (Low),60 - 80 (Moderate),Project Crop Recommendation.docx table 22,7.800000000000001,8.8,11.0,46.0,729.0,729.0
Brinjal,Rabi,Silt Loam to Clay Loam,5.5 - 7.0,21 - 30,600 - 800,Medium to High,50% - 70%,Project Crop Recommendation.docx table 27,5.5,7.0,21.0,30.0,600.0,800.0
Carrot,Rabi,Loamy Sand,Not found,15 - 20(Ideal for root color),370 mm (Normal district annual),Not found,Low to Moderate,Project Crop Recommendation.docx table 24,,,15.0,20.0,370.0,370.0
Castor,Kharif,Deep sandy loam to fine loamy,5.0 – 6.0 (Opt.) to 7.5 (Tol.),20 – 27°C (Growth); Blasting if >41°C,500 – 750 mm,Responds to 12.5 t/ha FYM,Low throughout season,Project Crop Recommendation.docx table 12,5.0,6.0,20.0,,500.0,750.0
Castor,Kharif,Sandy,Not found,Not found,Not found,Low,Not found,Project Crop Recommendation.docx table 23,,,,,,
Castor,Kharif,Light Alluvial/ Sandy Loam,6.0 - 7.5,20 - 30,500 - 750 mm,0.1 - 0.15% (Typical),Low,Project Crop Recommendation.docx table 24,6.0,7.5,20.0,30.0,500.0,750.0
Castor,Kharif,Deep Sandy Loam,6.0 – 7.5,20 – 35,500 – 700,Low (<0.50%),50 – 70,Project Crop Recommendation.docx table 29,6.0,7.5,20.0,35.0,500.0,700.0
Castor,Kharif,Well-drained Sandy Loam,6.0 – 7.5,20°C – 35°C,500 – 750 mm,0.3% – 0.6%,Low,Project Crop Recommendation.docx table 3,6.0,7.5,20.0,35.0,500.0,750.0
Castor,Kharif,Sandy Loam / Loamy,6.0−7.5,20−30,500-750 mm,Not found,Low,Project Crop Recommendation.docx table 7,6.0,7.5,20.0,30.0,500.0,750.0
Castor,Rabi,Sandy Loam,5.0–7.5,20–30,350–600 mm,High needed,Low,Project Crop Recommendation.docx table 33,5.0,7.5,20.0,30.0,350.0,600.0
Cauliflower,Kharif,Loam,6.0−7.5,15−25,Moderate,Not found,Not found,Project Crop Recommendation.docx table 5,6.0,7.5,15.0,25.0,,
Chickpea,Rabi,Deep Brown Loamy,6.0–7.5,15–25 (Avoid frost),400–600,Low to Medium,Low,Project Crop Recommendation.docx table 11,6.0,7.5,15.0,25.0,400.0,600.0
Chickpea,Rabi,Sandy Loam to Loamy Sand,7.0 - 8.0,15 - 25,400 - 600,0.35 - 0.45,Low to Medium,Project Crop Recommendation.docx table 13,7.0,8.0,15.0,25.0,400.0,600.0
Chickpea,Rabi,Loamy to Sandy loam,7.0 – 8.5,10 – 25 (Cool/Dry),400 – 600 (Total),0.3 – 0.4%,Low,Project Crop Recommendation.docx table 17,7.0,8.5,10.0,25.0,400.0,600.0
Chickpea,Rabi,Sandy Loam / Loamy Sand,7.0 - 8.0,10 - 25,600 - 1000 mm,0.3 - 0.4%,30 - 45%,Project Crop Recommendation.docx table 18,7.0,8.0,10.0,25.0,600.0,1000.0
Chickpea,Rabi,Sandy loam,7.0 - 8.5,10 - 25,350 - 450,Low,Low,Project Crop Recommendation.docx table 26,7.0,8.5,10.0,25.0,350.0,450.0
Chickpea,Rabi,Light Sandy Loam to Clay,6.0 - 8.5,20 - 30,600 - 1000(Annual),Low; N-fixation helps,30% - 50%,Project Crop Recommendation.docx table 27,6.0,8.5,20.0,30.0,600.0,1000.0
Chilli,July-Aug/Oct-Nov,Well-drained Loamy,6.0 – 7.0,20 – 25,625 – 1500,High,60 – 70%,Project Crop Recommendation.docx table 10,6.0,7.0,20.0,25.0,625.0,1500.0
Chilli,Rabi,Sandy loam,8.3 (Alkaline),11 - 46 (Broad),729 (Annual Avg),0.47 g kg^{-1} (Low),60 - 80 (Moderate),Project Crop Recommendation.docx table 22,7.800000000000001,8.8,11.0,46.0,729.0,729.0
Chilli,Rabi,Well-drained Loam,6.5 - 7.5,20 - 25,625 - 1200 mm,Rich in organic matter,Warm and Humid,Project Crop Recommendation.docx table 24,6.5,7.5,20.0,25.0,625.0,1200.0
Chilli,Rabi,Well-drained Loamy/Black,6.0 - 7.5,20 - 30,600 - 1000,Prefers rich organic matter,50% - 60%,Project Crop Recommendation.docx table 27,6.0,7.5,20.0,30.0,600.0,1000.0
Chilli,Rabi,Light Fertile Loam,6.0 – 7.0,18 – 40,625 – 1500,Not found,Not found,Project Crop Recommendation.docx table 31,6.0,7.0,18.0,40.0,625.0,1500.0
Chilli,Rabi,Well-drained Loam,6.5 - 7.5,20 - 25,625 - 1500,High (Req.),Warm Humid,Project Crop Recommendation.docx table 35,6.5,7.5,20.0,25.0,625.0,1500.0
Chilli,Rabi,Well-drained Loam,6.0−7.0,20−30,600−1000 mm,Not found,Not found,Project Crop Recommendation.docx table 5,6.0,7.0,20.0,30.0,600.0,1000.0
Chilli,Rabi,Sandy / Loamy,Not found,20−30,Moderate,Not found,Not found,Project Crop Recommendation.docx table 7,,,20.0,30.0,,
Chilli,Rabi,Loam/Clay,6.0 - 7.0,18 - 40,625 - 1500,Medium ($0.5-0.7$),50 - 60,Project Crop Recommendation.docx table 8,6.0,7.0,18.0,40.0,625.0,1500.0
Chillies,Rabi,Loamy to Clayey,6.0 – 7.5,20 – 30,600 – 1000,Rich in Organic Matter,50 – 60,Project Crop Recommendation.docx table 29,6.0,7.5,20.0,30.0,600.0,1000.0
Citrus,Perennial,"Deep, well-drained Sandy Loam",5.5 - 7.5,13 - 37,750 - 1000,Requires organic enrichment,50% - 65%,Project Crop Recommendation.docx table 27,5.5,7.5,13.0,37.0,750.0,1000.0
Coriander,Rabi,Heavy Clay / Loam,7.0,10 - 25,Not found* (Rabi),Medium / Organic Module,,Project Crop Recommendation.docx table 1,6.5,7.5,10.0,25.0,,
Coriander,Rabi,Black/Heavy Soil,6.0–8.0,20–25 (Cool/Dry preferred),650–1000 (Zone Avg),Medium,Low to Moderate,Project Crop Recommendation.docx table 11,6.0,8.0,20.0,25.0,650.0,1000.0
Coriander,Rabi,Silt/Loamy,6.0-8.0,20-25,75-100,Not found,40-50,Project Crop Recommendation.docx table 14,6.0,8.0,20.0,25.0,75.0,100.0
Coriander,Rabi,Loam to Black Clay,6.0 - 8.0,15 - 25,500 - 600,Not found,Low during maturity,Project Crop Recommendation.docx table 16,6.0,8.0,15.0,25.0,500.0,600.0
Coriander,Rabi,Loam to Clay Loam,7.0 - 8.0,20 - 25 (Growth),500 - 700,Not found,40 - 60,Project Crop Recommendation.docx table 20,7.0,8.0,20.0,25.0,500.0,700.0
Coriander,Rabi,Silt / Loam / Clay,6.0 - 8.0,17 - 27,75 - 100,0.5 - 0.75,40 - 60,Project Crop Recommendation.docx table 25,6.0,8.0,17.0,27.0,75.0,100.0
Coriander,Rabi,Well-drained Silt/Loam,6.0 - 8.0,15 - 28(Cool/Dry),75 - 100,Responds to 10 {t/ha} FYM,40% - 55%,Project Crop Recommendation.docx table 27,6.0,8.0,15.0,28.0,75.0,100.0
Coriander,Rabi,Loamy Soils,7.0 - 8.0,15 - 25,300 - 400 (Irrigated),Low to Medium,Low at harvest,Project Crop Recommendation.docx table 34,7.0,8.0,15.0,25.0,,
Coriander,Rabi,Loam / Sandy Loam,8.0−8.3,15−25,500−600,0.15−0.23,Not found,Project Crop Recommendation.docx table 4,8.0,8.3,15.0,25.0,500.0,600.0
Cotton,Kharif,Loam/Sandy Loam,7.5–8.5,21–32,700–1200mm,0.20–0.26%,High,Project Crop Recommendation.docx table 23,7.5,8.5,21.0,32.0,700.0,1200.0
Cotton,Kharif,Clay Loam,7.0 - 8.5,20 - 30,Warm/Moist Needed,Not found,High,Project Crop Recommendation.docx table 9,7.0,8.5,20.0,30.0,,
Cowpea,Kharif,Well-drained Sandy,6.0 – 7.5,25 – 35,400 – 600,Not found,Moderate,Project Crop Recommendation.docx table 32,6.0,7.5,25.0,35.0,400.0,600.0
Cumin,Rabi,Sandy to sandy loam,7.0 – 8.5,20-30°C (Germination); 20-25°C (Growth),Low; dry weather needed at maturity,Low (0.09 – 0.215%),Low; humidity/dew causes diseases,Project Crop Recommendation.docx table 12,7.0,8.5,20.0,30.0,,
Cumin,Rabi,Well-drained Sandy Loam,6.5 - 8.5,20∘C to 30∘C,30 - 270 mm,0.2% - 0.6%,Very Low,Project Crop Recommendation.docx table 15,6.5,8.5,20.0,30.0,30.0,270.0
Cumin,Rabi,Sandy loam to medium heavy,6.5 – 7.5,10 – 30 (Vegetative),300 – 450 (Total water),0.6% or higher (Preferred),Low (Dry matur.),Project Crop Recommendation.docx table 17,6.5,7.5,10.0,30.0,300.0,450.0
Cumin,Rabi,Sandy Loam,6.5 - 7.5,20 - 30,300 - 2700 mm*,> 0.6%,< 40%,Project Crop Recommendation.docx table 18,6.5,7.5,20.0,30.0,300.0,2700.0
Cumin,Rabi,Loamy to Sandy Loam,6.5 - 8.5,20 - 30,30 - 270 mm,0.6%(Ideal),Very Low; sensitive to dew,Project Crop Recommendation.docx table 24,6.5,8.5,20.0,30.0,30.0,270.0
Cumin,Rabi,Coarse Loamy to Sandy Loam,7.0 - 8.0,9 - 26 (Germination: 10-30),30 - 270,Medium (Required for high yield),Low (Dry/Cloud-free),Project Crop Recommendation.docx table 28,7.0,8.0,9.0,26.0,30.0,270.0
Cumin,Rabi,Coarse Loamy to Loamy,7.0 – 8.0,9 – 26,30 – 270,Not Found (Prefer Fertile),<40 (Dry),Project Crop Recommendation.docx table 29,7.0,8.0,9.0,26.0,30.0,270.0
Cumin,Rabi,Well-drained Loamy Sand,6.5 – 8.5 (Optimal 6.5-7.5),9°C – 26°C,~270 mm (supplemented),≥ 0.6% (Ideally),Low (prevents mildew),Project Crop Recommendation.docx table 3,6.5,8.5,9.0,26.0,270.0,270.0
Cumin,Rabi,Sandy Loam,6.5–8.5,15–30,Not found,High,Very Low,Project Crop Recommendation.docx table 33,6.5,8.5,15.0,30.0,,
Cumin,Rabi,Sandy Loam,6.5 - 8.5,9 - 26,30 - 270,0.60(Ideal),Very Low,Project Crop Recommendation.docx table 35,6.5,8.5,9.0,26.0,30.0,270.0
Cumin,Rabi,Sandy Loam,8.0−8.3,10−30,Low (4−6 irrig.),0.15−0.23,Low (Critical),Project Crop Recommendation.docx table 4,8.0,8.3,10.0,30.0,,
Cumin,Rabi,Sandy Loam,8.0−8.3,10−30,4−6 Irrigations,0.15−0.23%,Low (Critical),Project Crop Recommendation.docx table 7,8.0,8.3,10.0,30.0,,
Custard Apple,July – Aug,Sandy/Loamy,5.5 – 8.0,20 – 35,500 – 800 (Hardy),Moderate,Warm & Humid,Project Crop Recommendation.docx table 10,5.5,8.0,20.0,35.0,500.0,800.0
Custard Apple,Kharif,Rocky to Sandy Loam,6.5 - 7.5,20 - 35,500 - 800,Not found,High Humidity,Project Crop Recommendation.docx table 16,6.5,7.5,20.0,35.0,500.0,800.0
Custard Apple,Kharif,Sandy Loam / Stony,5.5−8.5,20−35,500−800 mm,Not Found,High (Flowering),Project Crop Recommendation.docx table 2,5.5,8.5,20.0,35.0,500.0,800.0
Custard Apple,Kharif,Gravelly/Shallow,Neutral/Saline,20 - 35,Monsoon-fed,Moderate,High (Pollination),Project Crop Recommendation.docx table 30,,,20.0,35.0,,
Custard Apple,Perennial,Shallow/ Rocky to Stony,5.5 - 8.5 (Highly Adaptive),20 - 35 (Optimal),500 - 800 (Rainfed),Low (Tolerant),High (at Fruit Set),Project Crop Recommendation.docx table 22,5.5,8.5,20.0,35.0,500.0,800.0
Date Palm,Perennial,Sandy loam; needs good drainage,7.0 – 8.5,25 – 40°C (Ideal); withstands up to 56°C,Minimal (<230 mm); rain at ripening is bad,Not Found (Needs initial pit filling),Very Low,Project Crop Recommendation.docx table 12,7.0,8.5,25.0,40.0,,230.0
Date Palm,Perennial,Deep Sandy Loam,7.0 - 11.0,25∘C to 45∘C,< 200 mm (Arid),< 0.5% (Low),Very Low,Project Crop Recommendation.docx table 15,7.0,11.0,25.0,45.0,,200.0
Date Palm,Perennial,Sandy to Sandy loam,Up to 8.5 (Hardy),Up to 48 (High heat),Irrigated (Drip),Very Low (Tolerant),Low (Dry ripening),Project Crop Recommendation.docx table 17,8.0,9.0,48.0,48.0,,
Date Palm,Perennial,Deep Sandy Loam,8.0 - 11.0,25 - 45,100 - 200mm,Low,Very Low during ripening,Project Crop Recommendation.docx table 24,8.0,11.0,25.0,45.0,100.0,200.0
Date Palm,Perennial,Deep Sandy loam,8.0 - 11.0,25 - 45,100 - 300,Low,Very Low (Ripening),Project Crop Recommendation.docx table 26,8.0,11.0,25.0,45.0,100.0,300.0
Date Palm,Perennial,Sandy to Sandy Loam,7.0 – 9.0,20°C – 45°C,100 – 250 mm,Low (Desert baseline),Low (ripening period),Project Crop Recommendation.docx table 3,7.0,9.0,20.0,45.0,100.0,250.0
Date Palm,Perennial,Sandy Loam,8.0−11.0,32−40,Rain-free at ripening,Not found,Low,Project Crop Recommendation.docx table 7,8.0,11.0,32.0,40.0,,
Fennel,Rabi,Loamy to Sandy Loam,7.0 - 8.0,15 - 25,500 - 600,0.30 - 0.45,Low,Project Crop Recommendation.docx table 13,7.0,8.0,15.0,25.0,500.0,600.0
Fennel,Rabi,Sandy Loam / Loam,6.5 - 8.5,15 - 25,515 - 570 mm,High,40 - 50%,Project Crop Recommendation.docx table 18,6.5,8.5,15.0,25.0,515.0,570.0
Fennel,Rabi,Loamy / Sandy Loam,6.5 - 8.0,15 - 25,500 - 750 mm,Rich in organic matter,Low; susceptible to frost,Project Crop Recommendation.docx table 24,6.5,8.0,15.0,25.0,500.0,750.0
Fennel,Rabi,Sandy Loam / Black Soil,6.5 – 8.0,15 – 29,400 – 600,Not Found (Prefer High),Low/Moderate,Project Crop Recommendation.docx table 29,6.5,8.0,15.0,29.0,400.0,600.0
Fennel,Rabi,Sandy Loam,6.5–8.0,15–25,50–75 mm,High,Low,Project Crop Recommendation.docx table 33,6.5,8.0,15.0,25.0,50.0,75.0
Fennel,Rabi,Loam,6.5 - 8.5,15 - 30,400 - 500,0.18 - 0.40,Low,Project Crop Recommendation.docx table 35,6.5,8.5,15.0,30.0,400.0,500.0
Fennel,Rabi,Deep Loamy,6.5−8.3,15−38,500−700,0.15−0.23,Not found,Project Crop Recommendation.docx table 4,6.5,8.3,15.0,38.0,500.0,700.0
Fenugreek,Rabi,Loam / Clay Loam,5.3 - 8.2,15 - 28,500 - 750,High (10-15 t/ac FYM),,Project Crop Recommendation.docx table 1,5.3,8.2,15.0,28.0,500.0,750.0
Fenugreek,Rabi,Loamy / Black Soil,6.0 - 7.5,15 - 25,400 - 600,Not found,Moderate,Project Crop Recommendation.docx table 16,6.0,7.5,15.0,25.0,400.0,600.0
Fenugreek,Rabi,Well-drained loamy,5.3 – 8.2,15 – 28 (Cooler),500 – 750 (Total),Medium (Prefers),Low (Dry matur.),Project Crop Recommendation.docx table 17,5.3,8.2,15.0,28.0,500.0,750.0
Fenugreek,Rabi,Sandy loam,7.0 - 8.5,15 - 25,300 - 450,Low,Low,Project Crop Recommendation.docx table 26,7.0,8.5,15.0,25.0,300.0,450.0
Fenugreek,Rabi,Sandy Loam to Loamy,6.0 - 7.5,15 - 25,400 - 600,Medium,60 - 70%,Project Crop Recommendation.docx table 28,6.0,7.5,15.0,25.0,400.0,600.0
Fenugreek,Rabi,Loamy,6.0 – 7.0,10 – 25,300 – 500,Not Found (Prefer Med),Low,Project Crop Recommendation.docx table 29,6.0,7.0,10.0,25.0,300.0,500.0
Fenugreek,Rabi,Well-drained Loam,6.0 – 7.0,10 – 25,500 – 750,High,Not found,Project Crop Recommendation.docx table 31,6.0,7.0,10.0,25.0,500.0,750.0
Fenugreek,Rabi,Loamy / Sandy Loam,5.3 – 8.2,15 – 28,500 – 750,Not found,Low,Project Crop Recommendation.docx table 32,5.3,8.2,15.0,28.0,500.0,750.0
Fenugreek,Rabi,Sandy Loam,7.0 - 8.0,15 - 25,300 - 400 (Irrigated),Low to Medium,Low to Moderate,Project Crop Recommendation.docx table 34,7.0,8.0,15.0,25.0,,
Fenugreek,Rabi,Well-drained Loam,6.0−8.2,15−28,500−750,>0.5 (Ideal),Low (Dry),Project Crop Recommendation.docx table 4,6.0,8.2,15.0,28.0,500.0,750.0
Fenugreek,Rabi,Sandy Loam,5.3 - 8.2,15 - 28,500 - 750,Medium (0.5-0.7),60 - 80,Project Crop Recommendation.docx table 8,5.3,8.2,15.0,28.0,500.0,750.0
Fodder Beet,Rabi,Ridged / Fine,Saline Tol.,15 - 25,800 - 1000 (irr),High (FYM req),Not Found,Project Crop Recommendation.docx table 25,,,15.0,25.0,800.0,1000.0
Fodder Beet,Rabi,Sandy loam,Tol. Saline,15 - 25,Irrigated,Not Found,Not Found,Project Crop Recommendation.docx table 26,,,15.0,25.0,,
Fodder Beet,Rabi,Loamy / Saline,7.0 - 9.5,Moderate,Very High Efficiency,Not found,Low,Project Crop Recommendation.docx table 9,7.0,9.5,,,,
Garlic,Rabi,Loamy,6.0 - 7.5,12 - 25,600 - 700,High (10-15 t/ha FYM),,Project Crop Recommendation.docx table 1,6.0,7.5,12.0,25.0,600.0,700.0
Garlic,Rabi,Loamy to Clay Loam,6.0–8.0,"12–25 (Veg), Warm/Dry (Mat)",600–700,Rich/High,60–70%,Project Crop Recommendation.docx table 11,6.0,8.0,12.0,25.0,600.0,700.0
Garlic,Rabi,Friable,6.0-7.0,12-18,Irrigated,Not found**,Low to Mod,Project Crop Recommendation.docx table 14,6.0,7.0,12.0,18.0,,
Garlic,Rabi,Loam to Clay Loam,6.0 - 7.5,15 - 25,Irrigated,Not found,Moderate,Project Crop Recommendation.docx table 16,6.0,7.5,15.0,25.0,,
Garlic,Rabi,Loamy / Silt Loam,6.0 - 8.0,12 - 25,600 - 700 mm,High,60 - 70%,Project Crop Recommendation.docx table 18,6.0,8.0,12.0,25.0,600.0,700.0
Garlic,Rabi,Fertile Loamy,6.0−8.0,13−24,Not Found,High (Rich),Not Found,Project Crop Recommendation.docx table 2,6.0,8.0,13.0,24.0,,
Garlic,Rabi,Fertile Loam,6.0 - 8.0,12 - 25,600 - 700,0.6 - 0.9,60 - 70,Project Crop Recommendation.docx table 25,6.0,8.0,12.0,25.0,600.0,700.0
Garlic,Rabi,Fertile Loam,6.0 – 7.2,13 – 24,Not found,High (>0.5%),Cool & Moist,Project Crop Recommendation.docx table 31,6.0,7.2,13.0,24.0,,
Garlic,Rabi,Loamy / Sandy Loam,6.0 – 7.5,15 – 25,600 – 700,Not found,Low to Moderate,Project Crop Recommendation.docx table 32,6.0,7.5,15.0,25.0,600.0,700.0
Garlic,Rabi,Fertile Loam,6.0−8.0,12−18,Moist growth period,High preferred,Dry at maturity,Project Crop Recommendation.docx table 7,6.0,8.0,12.0,18.0,,
Garlic,Rabi,Fertile Loam,6.0 - 8.0,15- 25,Moderate,High Preferred,Moderate,Project Crop Recommendation.docx table 9,6.0,8.0,15.0,25.0,,
Ginger,Kharif,Sandy/Red Loam,6.0 – 6.5,12 – 35,1300 – 1500,High (Rich in Humus),70 – 90%,Project Crop Recommendation.docx table 10,6.0,6.5,12.0,35.0,1300.0,1500.0
Ginger,Kharif,Sandy/Clay/Red Loam,6.0−6.5,12−35 (Opt: 19−28),1300−1500 mm,High (Humus-rich),70−90%,Project Crop Recommendation.docx table 2,6.0,6.5,12.0,35.0,1300.0,1500.0
Ginger,Kharif,Well-drained Sandy loam,6.0 - 6.5 (Ideal) / 8.3 (Actual),25 - 35 (Growth),1320 - 1520 (High),1.0% + (Ideal) / 0.1% (Actual),Warm & Humid,Project Crop Recommendation.docx table 22,6.0,6.5,25.0,35.0,1320.0,1520.0
Gram,Rabi,Loam to Clay Loam,7.0 - 8.0,15 - 25 (Cool night required),60 - 100 cm,0.39 - 0.55,30 - 50,Project Crop Recommendation.docx table 20,7.0,8.0,15.0,25.0,60.0,100.0
Gram,Rabi,Loamy to Medium brown loamy,7.0 - 8.3 (Actual),10 - 25 (Mild Winter),Medium (Mawath/Rainfed),Low (0.47 g kg^{-1}),40 - 60 (Low),Project Crop Recommendation.docx table 22,7.0,8.3,10.0,25.0,,
Gram,Rabi,Sandy Loam,7.5–9.0,20–25,350–450mm,0.20–0.26%,Dry,Project Crop Recommendation.docx table 23,7.5,9.0,20.0,25.0,350.0,450.0
Gram,Rabi,Loamy to Sandy Loam,7.0 - 8.5,15 - 25,200 - 450,Low,30 - 50%,Project Crop Recommendation.docx table 34,7.0,8.5,15.0,25.0,200.0,450.0
Green Gram,Kharif,Sandy Loam to Loam,6.5 - 8.5,28 - 35,400 - 550,Low to Medium,60 - 80% (Kharif),Project Crop Recommendation.docx table 28,6.5,8.5,28.0,35.0,400.0,550.0
Green Gram,Kharif,Loam / Sandy Loam,6.5 – 7.5,25 – 35,600 – 800,Not found,< 60,Project Crop Recommendation.docx table 32,6.5,7.5,25.0,35.0,600.0,800.0
Green Gram,Kharif,Sandy Loam,6.5 - 7.5,25 - 35,400 - 600,Low to Medium,Moderate,Project Crop Recommendation.docx table 35,6.5,7.5,25.0,35.0,400.0,600.0
Groundnut,Kharif,Loose sandy; avoids pod loss,5.5 – 7.0,25 – 30°C (Growth); sensitive to frost,500 – 1250 mm (Needs irrigation),Prefers high OC for retention,Moderate,Project Crop Recommendation.docx table 12,5.5,7.0,25.0,30.0,,
Groundnut,Kharif,Sandy Loam,6.0-7.5,25-30,500-700,Not found,Moderate,Project Crop Recommendation.docx table 14,6.0,7.5,25.0,30.0,500.0,700.0
Groundnut,Kharif,Sandy to Sandy Loam,7.0 - 8.5,25∘C to 35∘C,400 - 600 mm (Irrig.),< 0.5% (Low),Moderate,Project Crop Recommendation.docx table 15,7.0,8.5,25.0,35.0,,
Groundnut,Kharif,Sandy Loam / Sandy Clay Loam,5.5 - 7.0,25 - 30,500 - 1000,Moderate (0.5 - 0.75),Moderate,Project Crop Recommendation.docx table 16,5.5,7.0,25.0,30.0,500.0,1000.0
Groundnut,Kharif,Sandy Loam,6.0 - 7.0,25 - 30,500 - 1250 mm,Medium,60 - 70%,Project Crop Recommendation.docx table 18,6.0,7.0,25.0,30.0,500.0,1250.0
Groundnut,Kharif,Sandy,6.0–7.8,25–35,500–1000mm,0.17–0.26%,Humid,Project Crop Recommendation.docx table 23,6.0,7.8,25.0,35.0,500.0,1000.0
Groundnut,Kharif,Sandy loam,6.5 - 7.5,25 - 35,400 - 500,Low,Moderate,Project Crop Recommendation.docx table 26,6.5,7.5,25.0,35.0,400.0,500.0
Groundnut,Kharif,Sandy Loam to Sandy Clay Loam,6.0 - 7.5,25 - 30,500 - 1250,Moderate (> 0.4%),50 - 70%,Project Crop Recommendation.docx table 28,6.0,7.5,25.0,30.0,500.0,1250.0
Groundnut,Kharif,Light Sandy,6.5 – 8.0,25°C – 35°C,500 – 1000 mm,0.2% – 0.5%,Moderate,Project Crop Recommendation.docx table 3,6.5,8.0,25.0,35.0,500.0,1000.0
Groundnut,Kharif,Sandy Loam,6.0 - 7.0,25 - 30,500 - 1250,High,Moderate,Project Crop Recommendation.docx table 30,6.0,7.0,25.0,30.0,500.0,1250.0
Groundnut,Kharif,Sandy Loam / Sandy,6.0 – 7.5,25 – 30,500 – 700,Low to Medium,Not found,Project Crop Recommendation.docx table 31,6.0,7.5,25.0,30.0,500.0,700.0
Groundnut,Kharif,Sandy Loam,6.5 – 7.5,25 – 35,400 – 600,Not found,Moderate,Project Crop Recommendation.docx table 32,6.5,7.5,25.0,35.0,400.0,600.0
Groundnut,Kharif,Sandy,6.5–7.5,25–30,50–100 cm,Not found,Moderate,Project Crop Recommendation.docx table 33,6.5,7.5,25.0,30.0,50.0,100.0
Groundnut,Kharif,Sandy Loam,6.0 - 7.5,22 - 30,500 - 1000,> 0.50,High,Project Crop Recommendation.docx table 35,6.0,7.5,22.0,30.0,500.0,1000.0
Groundnut,Kharif,Sandy Loam,6.0 - 6.5,25 - 30,500 - 1000,Low-Med (0.2-0.5),50 - 70,Project Crop Recommendation.docx table 8,6.0,6.5,25.0,30.0,500.0,1000.0
Guar,Kharif,Well-drained sandy loam,7.0 – 8.5,32 – 38°C (Ideal); can tolerate up to 46°C,300 – 450 mm,Low; Nitrogen-fixing crop,Low,Project Crop Recommendation.docx table 12,7.0,8.5,32.0,38.0,300.0,450.0
Guar,Kharif,Sandy,7.5 - 8.5,25∘C to 40∘C,300 - 450 mm,< 0.2% (Low),Low,Project Crop Recommendation.docx table 15,7.5,8.5,25.0,40.0,300.0,450.0
Guar,Kharif,Loamy sand,7.0 – 8.5,25 – 40 (Growth),250 – 450 (Rainfed),0.1 – 0.2%,High (Vegetative),Project Crop Recommendation.docx table 17,7.0,8.5,25.0,40.0,250.0,450.0
Guar,Kharif,Sandy Loam,7.0 - 8.5,25 - 40,300 - 500,Not found,30 - 50,Project Crop Recommendation.docx table 20,7.0,8.5,25.0,40.0,300.0,500.0
Guar,Kharif,Fine Sand,7.5–8.5,30–45,250–400mm,0.03–0.21%,Low-Med,Project Crop Recommendation.docx table 23,7.5,8.5,30.0,45.0,250.0,400.0
Guar,Kharif,Sandy / Dunes,7.0 - 8.5,30 - 40,300 - 400,0.05 - 0.2,Moderate,Project Crop Recommendation.docx table 26,7.0,8.5,30.0,40.0,300.0,400.0
Guar,Kharif,Sandy to Sandy Loam,7.0 - 8.5(Alkaline tolerant),25 - 35,300 - 500,Low,35% - 55%,Project Crop Recommendation.docx table 27,7.0,8.5,25.0,35.0,300.0,500.0
Guar,Kharif,Sandy to Sandy Loam,7.0 - 8.5,30 - 40,300 - 450,Low,40 - 55%,Project Crop Recommendation.docx table 28,7.0,8.5,30.0,40.0,300.0,450.0
Guar,Kharif,Medium to Light Textured,7.0 – 8.5,25°C – 40°C,250 – 450 mm,0.2% – 0.4%,Low to Moderate,Project Crop Recommendation.docx table 3,7.0,8.5,25.0,40.0,250.0,450.0
Guar,Kharif,Sandy Loam,7.0 – 8.0,25 – 35,300 – 450,Not found,High (Growth),Project Crop Recommendation.docx table 32,7.0,8.0,25.0,35.0,300.0,450.0
Guar,Kharif,Sandy Loam,7.0 - 8.5,30 - 35 (Sowing),300 - 450,Low,Low during setting,Project Crop Recommendation.docx table 34,7.0,8.5,30.0,35.0,300.0,450.0
Guava,July - Aug,Well-drained Loam,6.5−7.5,23−28,Moderate,Not found,Low (for quality),Project Crop Recommendation.docx table 6,6.5,7.5,23.0,28.0,,
Guava,June – July,Alluvial/Clay Loam,4.5 – 8.2,10 – 46 (Very Hardy),< 1000,Medium,Low preferred,Project Crop Recommendation.docx table 10,4.5,8.2,10.0,46.0,,1000.0
Guava,Kharif,Sandy Loam to Clay Loam,4.5 – 7.5 (Opt: 5.5-7.0),15 – 35,1000 (Annual),High (>0.5% for best yield),Not found,Project Crop Recommendation.docx table 31,4.5,7.5,15.0,35.0,1000.0,1000.0
Guava,Perennial,Loam / Alluvial,6.5 - 7.5,10 - 46,< 1000,Medium (30kg/pit),,Project Crop Recommendation.docx table 1,6.5,7.5,10.0,46.0,,1000.0
Guava,Perennial,Well-drained Loamy,4.5–8.2,15–30 (Survival up to 46),<1000,Medium,Low,Project Crop Recommendation.docx table 11,4.5,8.2,15.0,30.0,,1000.0
Guava,Perennial,"Deep, Well-drained Sandy Loam",6.5 - 7.5 (Tolerates 8.7),23 - 28 (Optimum),< 1000,0.40 - 0.60,Dry at flowering,Project Crop Recommendation.docx table 13,6.5,7.5,23.0,28.0,,1000.0
Guava,Perennial,Loamy,6.5-7.5,23-28,<1000,Not found,Dry,Project Crop Recommendation.docx table 14,6.5,7.5,23.0,28.0,,1000.0
Guava,Perennial,Clay Loam / Sandy Loam,4.5 - 9.4,15 - 45,380 - 500 mm,Medium - High,40 - 70%,Project Crop Recommendation.docx table 18,4.5,9.4,15.0,45.0,380.0,500.0
Guava,Perennial,Shallow / Med-Black,5.5−7.5,23−28,<1000 mm,Moderate,Moderate,Project Crop Recommendation.docx table 2,5.5,7.5,23.0,28.0,,1000.0
Guava,Perennial,Well-drained Loam,6.5−7.5,23−28,Moderate,Not found,Low (for quality),Project Crop Recommendation.docx table 7,6.5,7.5,23.0,28.0,,
Guava,Perennial,Sandy Loam,4.5 - 8.2,23 - 28,1000,Medium (0.5-0.8),50 - 80,Project Crop Recommendation.docx table 8,4.5,8.2,23.0,28.0,1000.0,1000.0
Guava,Perennial,Alluvial / Well-drained,4.5 - 8.0,15- 25,400 - 1000 mm,Not found,Low,Project Crop Recommendation.docx table 9,4.5,8.0,15.0,25.0,400.0,1000.0
Guava,Rabi,Well-drained Loam,Wide Range,23 - 28,< 1000,"""Not found""",Low (Ripening),Project Crop Recommendation.docx table 30,,,23.0,28.0,,1000.0
Guava,Rabi,Deep Loam,4.5 - 8.2,10 - 36,< 1016,Not Found,Moderate,Project Crop Recommendation.docx table 35,4.5,8.2,10.0,36.0,,1016.0
Isabgol,Rabi,Well-drained light sandy,7.2 – 7.9,20-30°C (Germination); 30-35°C (Maturity),50 – 125 cm annual (prefers zero at maturity),Low status (100% of samples),Very Low,Project Crop Recommendation.docx table 12,7.2,7.9,20.0,30.0,50.0,125.0
Isabgol,Rabi,Sandy to Loamy Sand,7.0 - 8.5,20∘C to 25∘C,200 - 300 mm,< 0.3% (Low),Low,Project Crop Recommendation.docx table 15,7.0,8.5,20.0,25.0,200.0,300.0
Isabgol,Rabi,Sandy to Light Soils,7.0 - 8.0,15 - 30,200 - 400,Not found,Cool and Dry,Project Crop Recommendation.docx table 16,7.0,8.0,15.0,30.0,200.0,400.0
Isabgol,Rabi,Light sandy to silty loam,4.7 – 7.7,20 – 30 (Germination),200 – 400 (Irrigated),< 0.5% (Low),Low (Dry matur.),Project Crop Recommendation.docx table 17,4.7,7.7,20.0,30.0,,
Isabgol,Rabi,Sandy / Sandy Loam,7.2−7.9,15−35 (Opt: 20−30),500−1250 mm,Moderate,Low (Maturity),Project Crop Recommendation.docx table 2,7.2,7.9,15.0,35.0,500.0,1250.0
Isabgol,Rabi,Well-drained Sandy Loam,7.2 - 7.9,20 - 35,50 - 125mm,Low; responsive to organic matter,Very Low; dry weather at maturity,Project Crop Recommendation.docx table 24,7.2,7.9,20.0,35.0,50.0,125.0
Isabgol,Rabi,Silty-loam / Sandy,4.7 - 7.7,20 - 30,250 - 400,Low,Very Low (Maturity),Project Crop Recommendation.docx table 26,4.7,7.7,20.0,30.0,250.0,400.0
Isabgol,Rabi,Light Sandy to Sandy Loam,7.2 - 7.9,20 - 30 (Maturity: 30-35),50 - 125,Low to Medium,Very Low at maturity,Project Crop Recommendation.docx table 28,7.2,7.9,20.0,30.0,50.0,125.0
Isabgol,Rabi,Sandy to Loamy,7.0 – 8.0,15 – 30,200 – 400,Low (<0.50%),Low (Dry),Project Crop Recommendation.docx table 29,7.0,8.0,15.0,30.0,200.0,400.0
Isabgol,Rabi,Sandy to Sandy Loam,7.0 – 8.5,15°C – 30°C,200 – 400 mm,0.23% – 0.31%,Low (at maturity),Project Crop Recommendation.docx table 3,7.0,8.5,15.0,30.0,200.0,400.0
Isabgol,Rabi,Sandy Loam,7.2–7.9,20–35,50–125 cm,Not found,Low/Dry,Project Crop Recommendation.docx table 33,7.2,7.9,20.0,35.0,50.0,125.0
Isabgol,Rabi,Light Sandy / Sandy Loam,7.2−7.9,20−35,500−1250 mm,Not found,Low/Dry,Project Crop Recommendation.docx table 7,7.2,7.9,20.0,35.0,500.0,1250.0
Kalonji,Rabi,Clay Loam / Loam,5.0 - 8.5,12 - 25,400 - 500,High,,Project Crop Recommendation.docx table 1,5.0,8.5,12.0,25.0,400.0,500.0
Kalonji,Rabi,Loamy / Med-Heavy,5.0−8.5,12−25,400−500 mm,High,Not Found,Project Crop Recommendation.docx table 2,5.0,8.5,12.0,25.0,400.0,500.0
Kalonji,Rabi,Sandy Loam,8.0−8.3,15−25,Not found,0.15−0.23,Not found,Project Crop Recommendation.docx table 4,8.0,8.3,15.0,25.0,,
Kinnow,Perennial,Sandy Loam,6.5 - 7.5,20∘C to 35∘C,400 - 600 mm (Irrig.),< 0.6% (Med),Moderate,Project Crop Recommendation.docx table 15,6.5,7.5,20.0,35.0,,
Kinnow,Perennial,Sandy Loam,8.1–8.5,20–35,250–350mm,0.18–0.27%,Med-High,Project Crop Recommendation.docx table 23,8.1,8.5,20.0,35.0,250.0,350.0
Kinnow Mandarin,Kharif,Well-drained Sandy Loam,6.0 - 7.5,20 - 35,300 - 400,Not Found (Poor),40 - 65%,Project Crop Recommendation.docx table 34,6.0,7.5,20.0,35.0,300.0,400.0
Lemon,Kharif,Light Loam,5.5–7.5,13–37,50–250 cm,High,Low,Project Crop Recommendation.docx table 33,5.5,7.5,13.0,37.0,50.0,250.0
Lime,Kharif,Loam,6.5−7.5,20−35,750−900,Not found,Not found,Project Crop Recommendation.docx table 6,6.5,7.5,20.0,35.0,750.0,900.0
Lime,Perennial,Well-drained Loam,5.5−7.5,15−35,Not Found,Moderate,Moderate,Project Crop Recommendation.docx table 2,5.5,7.5,15.0,35.0,,
Maize,Kharif,Red loamy to Deep brown loamy,7.0 - 8.3 (Actual),20 - 35 (Optimal),500 - 1100 (Seasonal),Low (0.47 g kg^{-1}),60 - 80 (Monsoon Avg),Project Crop Recommendation.docx table 22,7.0,8.3,20.0,35.0,500.0,1100.0
Mandarin,Perennial,Loam / Sandy Clay Loam,6.0 - 8.0,10 - 35,1000 - 1200,High / Well-Drained,,Project Crop Recommendation.docx table 1,6.0,8.0,10.0,35.0,1000.0,1200.0
Mango,July – Sept,Deep Alluvial/Loamy,5.5 – 7.5,15 – 40,850 – 1050,High (Deep Soils),High (Growth Phase),Project Crop Recommendation.docx table 10,5.5,7.5,15.0,40.0,850.0,1050.0
Mango,Perennial,Alluvial / Loamy,5.5−7.5,24−30,890−1015 mm,High,High (Growing),Project Crop Recommendation.docx table 2,5.5,7.5,24.0,30.0,890.0,1015.0
Mango,Perennial,Deep Loamy/Alluvial,6.5 - 7.5,23.9 - 26.7 (Optimal),100 - 110 cm,Not found,50 - 70,Project Crop Recommendation.docx table 20,6.5,7.5,23.9,26.7,100.0,110.0
Mango,Perennial,Sandy loam to Alluvial,5.5 - 7.5 (Ideal)/ 8.3 (Actual),24 - 30 (Ideal)/ 48 (Max),890 - 1015 (Ideal),0.47 g kg^{-1}(Low),High Humidity,Project Crop Recommendation.docx table 22,5.5,7.5,24.0,30.0,890.0,1015.0
Mehandi,Perennial,Sandy Loam to Clay Loam,7.7 – 9.9,25 – 45,300 – 500,Low (documented 0.15–0.30%),20 – 40 (Dry),Project Crop Recommendation.docx table 29,7.7,9.9,25.0,45.0,300.0,500.0
Mehandi,Perennial,Sandy Loam to Clay Loam,7.7 – 9.9,25°C – 45°C,400 – 450 mm,0.3% – 0.5%,Low,Project Crop Recommendation.docx table 3,7.7,9.9,25.0,45.0,400.0,450.0
Moong Bean,Kharif,Sandy loam,6.5 - 7.5,25 - 35,250 - 400,Not Found,Moderate,Project Crop Recommendation.docx table 26,6.5,7.5,25.0,35.0,250.0,400.0
Moth Bean,Kharif,Sandy,7.0 - 8.0,25∘C to 45∘C,200 - 300 mm,< 0.15% (Low),Low,Project Crop Recommendation.docx table 15,7.0,8.0,25.0,45.0,200.0,300.0
Moth Bean,Kharif,Sandy,7.5 – 8.5,25 – 45 (Hardy),200 – 300 (Rainfed),0.05 – 0.2%,Low to Medium,Project Crop Recommendation.docx table 17,7.5,8.5,25.0,45.0,200.0,300.0
Moth Bean,Kharif,Sandy to Light Sandy,3.5 - 10.0,24 - 32 (Tolerates up to 45),200 - 300,Very Low (High tolerance),40 - 60%,Project Crop Recommendation.docx table 28,3.5,10.0,24.0,32.0,200.0,300.0
Moth Bean,Kharif,Sandy to Sandy Loam,3.5 – 10.0,24°C – 45°C,200 – 300 mm,0.1% – 0.3%,Low,Project Crop Recommendation.docx table 3,3.5,10.0,24.0,45.0,200.0,300.0
Mungbean,Kharif,Sandy Loam,7.5–8.5,25–32,600–800mm,0.21%,Hot,Project Crop Recommendation.docx table 23,7.5,8.5,25.0,32.0,600.0,800.0
Mungbean,Kharif,Sandy Loam,7.0 - 8.0,25 - 35,300 - 450,Low,Low to Moderate,Project Crop Recommendation.docx table 34,7.0,8.0,25.0,35.0,300.0,450.0
Mustard,Rabi,Loam / Sandy Loam,6.5 - 8.5,15 - 25,240 - 400,Medium (FYM needed),,Project Crop Recommendation.docx table 1,6.5,8.5,15.0,25.0,240.0,400.0
Mustard,Rabi,Sandy Loam to Clay,6.5–8.5,15–25 (Germination/Growth),400–600,Low to Medium,Moderate,Project Crop Recommendation.docx table 11,6.5,8.5,15.0,25.0,400.0,600.0
Mustard,Rabi,Sandy to sandy loam,7.0 – 8.5,17 – 22°C (Optimal seasonal average),80 – 240 mm,Low,Low,Project Crop Recommendation.docx table 12,7.0,8.5,17.0,22.0,80.0,240.0
Mustard,Rabi,Sandy Loam to Clay Loam,7.0 - 8.2,15 - 25 (Optimum); 40 (Max),350 - 450,0.25 - 0.45,70 - 95,Project Crop Recommendation.docx table 13,7.0,8.2,15.0,25.0,350.0,450.0
Mustard,Rabi,Loamy,6.5-8.5,15-25,250-400,Not found,20-58,Project Crop Recommendation.docx table 14,6.5,8.5,15.0,25.0,250.0,400.0
Mustard,Rabi,Loamy Sand,7.5 - 8.5,15∘C to 25∘C,250 - 400 mm,< 0.5% (Low),Low,Project Crop Recommendation.docx table 15,7.5,8.5,15.0,25.0,250.0,400.0
Mustard,Rabi,Sandy loam to Alluvial,7.0 – 8.5,10 – 30 (Growth),300 – 500 (Irrigated),0.2 – 0.3%,Medium,Project Crop Recommendation.docx table 17,7.0,8.5,10.0,30.0,,
Mustard,Rabi,Loamy Sand / Sandy Loam,7.5 - 8.5,10 - 25,515 - 570 mm,0.3 - 0.5%,30 - 45%,Project Crop Recommendation.docx table 18,7.5,8.5,10.0,25.0,515.0,570.0
Mustard,Rabi,Loam to Sandy Loam,6.5 - 8.5,"15 - 25 (Growth), 25 - 30 (Maturity)",400 - 600,0.39 - 0.55,45 - 65,Project Crop Recommendation.docx table 20,6.5,8.5,15.0,25.0,400.0,600.0
Mustard,Rabi,Sandy Loam,7.0–9.0,15–25,350–450mm,0.17–0.24%,Dry/Cold,Project Crop Recommendation.docx table 23,7.0,9.0,15.0,25.0,350.0,450.0
Mustard,Rabi,Well-drained Sandy Loam,6.0 - 7.5,10 - 25,400 - 600mm,Low (0.1% typical),Low to Moderate,Project Crop Recommendation.docx table 24,6.0,7.5,10.0,25.0,400.0,600.0
Mustard,Rabi,Sandy Loam / Blk,6.0 - 7.5,10 - 25,250 - 400,0.35 - 0.5,20 - 58,Project Crop Recommendation.docx table 25,6.0,7.5,10.0,25.0,250.0,400.0
Mustard,Rabi,Sandy loam / Loam,6.5 - 8.5,15 - 30,300 - 450,0.1 - 0.4*,Low,Project Crop Recommendation.docx table 26,6.5,8.5,15.0,30.0,300.0,450.0
Mustard,Rabi,Sandy Loam to Loamy,6.0 - 7.5(Ideal); tolerates 8.0,10- 25(Optimum),250 - 400,Prefers >0.5%(Requires FYM),40% - 60%,Project Crop Recommendation.docx table 27,6.0,7.5,10.0,25.0,250.0,400.0
Mustard,Rabi,Sandy to Sandy Loam,6.0 - 8.5,15 - 25,250 - 400,Low to Medium,40 - 60%,Project Crop Recommendation.docx table 28,6.0,8.5,15.0,25.0,250.0,400.0
Mustard,Rabi,Sandy Loam to Loamy,7.0 – 8.5,10 – 25,300 – 500,Low (<0.50%),40 – 60,Project Crop Recommendation.docx table 29,7.0,8.5,10.0,25.0,300.0,500.0
Mustard,Rabi,Sandy to Loamy Sand,7.0 – 8.5,10°C – 25°C,250 – 400 mm,0.2% – 0.4%,Moderate,Project Crop Recommendation.docx table 3,7.0,8.5,10.0,25.0,250.0,400.0
Mustard,Rabi,Sandy Loam,7.0 - 7.4,10 - 25,600 - 1000,Medium,Low,Project Crop Recommendation.docx table 30,7.0,7.4,10.0,25.0,600.0,1000.0
Mustard,Rabi,Sandy Loam / Loamy,6.0 – 7.5,10 – 25,500 – 650 (Zone),0.35 – 0.45 (Avg),20.4 – 57.8,Project Crop Recommendation.docx table 31,6.0,7.5,10.0,25.0,500.0,650.0
Mustard,Rabi,Sandy Loam to Loamy,6.0 – 8.5,15 – 25 (Growth),190 – 400,Not found,Moderate,Project Crop Recommendation.docx table 32,6.0,8.5,15.0,25.0,190.0,400.0
Mustard,Rabi,Loam,7.0–7.5,15–25,Not found,Not found,Low,Project Crop Recommendation.docx table 33,7.0,7.5,15.0,25.0,,
Mustard,Rabi,Sandy Loam to Loam,6.0 - 7.5 (Best),10 - 25,250 - 400,0.35% -0.53%,20 - 58%,Project Crop Recommendation.docx table 34,6.0,7.5,10.0,25.0,250.0,400.0
Mustard,Rabi,Sandy Loam,6.0 - 7.5,10 - 25,625 - 1000,> 0.50 (Ideal),Moderate,Project Crop Recommendation.docx table 35,6.0,7.5,10.0,25.0,625.0,1000.0
Mustard,Rabi,Med. Brown Loamy,Not found,Cool early growth,Low,Not found,Not found,Project Crop Recommendation.docx table 7,,,,,,
Mustard,Rabi,Loamy/Sandy,6.0 - 8.5,17 - 22 (Winter),250 - 500,Low-Med (0.2-0.4),40 - 60,Project Crop Recommendation.docx table 8,6.0,8.5,17.0,22.0,250.0,500.0
Mustard,Rabi,Sandy Loam to Light Black,6.5 - 7.5,15- 25,250 - 500mm,0.45%,Moderate,Project Crop Recommendation.docx table 9,6.5,7.5,15.0,25.0,250.0,500.0
Nagpur Mandarin,Perennial,Loam / Silt Loam,6.0 - 8.0,10 - 35,781 - 1000,0.49 - 0.98,40 - 91,Project Crop Recommendation.docx table 25,6.0,8.0,10.0,35.0,781.0,1000.0
Okra,Kharif,Sandy loam,8.3 (Alkaline),21.8 - 46 (Summer Peaks),729 (Annual Avg),0.47 g kg^{-1} (Low),60 - 80 (Moderate),Project Crop Recommendation.docx table 22,7.800000000000001,8.8,21.8,46.0,729.0,729.0
Okra,Kharif,Sandy Loam,6.0−6.8,25−35,Moderate,Not found,Not found,Project Crop Recommendation.docx table 5,6.0,6.8,25.0,35.0,,
Onion,May-June/Oct-Nov,Deep Friable Loam,5.8 – 6.5,13 – 25,650 – 1000,High,70%,Project Crop Recommendation.docx table 10,5.8,6.5,13.0,25.0,650.0,1000.0
Onion,Rabi,Sandy Loam,6.0 - 8.3,15 - 25 (Bulbing),300 - 500 (Irrigated),0.14 - 0.30,50 - 70,Project Crop Recommendation.docx table 13,6.0,8.3,15.0,25.0,,
Onion,Rabi,Sandy loam,6.5 – 7.5,15 – 35 (Growth),400 – 500 (Irrigated),0.5 – 0.7%,Medium,Project Crop Recommendation.docx table 17,6.5,7.5,15.0,35.0,,
Onion,Rabi,Sandy Loam,6.0 - 7.5,"15 - 25 (Veg), 20 - 30 (Bulbing)",600 - 800 (Irrigated),Not found,65 - 75,Project Crop Recommendation.docx table 20,6.0,7.5,15.0,25.0,,
Onion,Rabi,Sandy loam,8.3 (Alkaline),11 - 26 (Winter),729 (Annual Avg),0.47 g kg^{-1}(Low),65 - 75 (Medium),Project Crop Recommendation.docx table 22,7.800000000000001,8.8,11.0,26.0,729.0,729.0
Onion,Rabi,Sandy Loam,6.0 - 7.5,15 - 30,500 - 700,Medium,60 - 70%,Project Crop Recommendation.docx table 28,6.0,7.5,15.0,30.0,500.0,700.0
Onion,Rabi,Alluvial/Loam,6.0 - 7.5,13 - 25,650 - 750,High,70,Project Crop Recommendation.docx table 30,6.0,7.5,13.0,25.0,650.0,750.0
Onion,Rabi,Sandy Loam / Alluvial,6.0 – 7.5,13 – 25,650 – 750,Not found,70,Project Crop Recommendation.docx table 32,6.0,7.5,13.0,25.0,650.0,750.0
Onion,Rabi,Sandy Loam,6.0 - 7.5,15 - 25,300 - 500,Medium,Moderate,Project Crop Recommendation.docx table 34,6.0,7.5,15.0,25.0,300.0,500.0
Onion,Rabi,Friable Loam,6.0 - 7.5,13 - 25,650 - 750,High (Req.),70%,Project Crop Recommendation.docx table 35,6.0,7.5,13.0,25.0,650.0,750.0
Onion,Rabi,Deep Loam,6.0−8.3,13−25,650−750 mm,Not found,70%,Project Crop Recommendation.docx table 5,6.0,8.3,13.0,25.0,650.0,750.0
Onion,Rabi,Sandy Loam / Clay Loam,6.0−7.5,13−25,<400 mm,Not found,Not found,Project Crop Recommendation.docx table 7,6.0,7.5,13.0,25.0,,400.0
Onion,Rabi,Loamy/Sandy,6.0 - 7.5,15 - 35,500 - 750,Medium (0.5-0.7),50 - 70,Project Crop Recommendation.docx table 8,6.0,7.5,15.0,35.0,500.0,750.0
Onion,Rabi,Deep Friable Loam,6.0 - 7.5,13 - 25,650 - 750 mm,Not found,70%,Project Crop Recommendation.docx table 9,6.0,7.5,13.0,25.0,650.0,750.0
Opium Poppy,Rabi,Well-drained Loam to Sandy Loam,7.0 - 8.0,15 - 25,500 - 800,Not found,Low during maturity,Project Crop Recommendation.docx table 16,7.0,8.0,15.0,25.0,500.0,800.0
Opium Poppy,Rabi,Lt. Black / Loam,7,16 - 20 (opt.),Moderate,0.8 - 1.0,Low,Project Crop Recommendation.docx table 25,6.5,7.5,16.0,20.0,,
Orange,Perennial,Medium to Light Loam,6.0–8.0,10–35 (Frost-free),1000–1200,High (Organic Manure),Moderate,Project Crop Recommendation.docx table 11,6.0,8.0,10.0,35.0,1000.0,1200.0
Paddy,Kharif,Clay Loam / Heavy Clay,5.0 - 8.5,20 - 35,700 - 1100,Medium / Green Manure,,Project Crop Recommendation.docx table 1,5.0,8.5,20.0,35.0,700.0,1100.0
Paddy,Kharif,Clay to Clay Loam,6.0–7.5,25–35 (Growth),High (Irrigated),Low to Medium,High,Project Crop Recommendation.docx table 11,6.0,7.5,25.0,35.0,,
Papaya,July-Sept/Feb-Mar,Deep Sandy Loam,6.5 – 7.0,20 – 35,1000 – 1500,High,60 – 80%,Project Crop Recommendation.docx table 10,6.5,7.0,20.0,35.0,1000.0,1500.0
Papaya,Zaid,Deep Sandy Loam,6.5 - 7.0(Critical),21- 32(Death at <10),1500 - 1800(Distributed),High (Requires 10 {kg}compost/pit),60% - 85%,Project Crop Recommendation.docx table 27,6.5,7.0,,21.0,1500.0,1800.0
Papaya,Zaid,Sandy Loam,6.0–6.5,25–30,150–180 cm,High,Moderate,Project Crop Recommendation.docx table 33,6.0,6.5,25.0,30.0,150.0,180.0
Pea,Rabi,Loamy,6.0 - 7.5,10 - 18,515 - 570 mm,Medium - High,50 - 60%,Project Crop Recommendation.docx table 18,6.0,7.5,10.0,18.0,515.0,570.0
Pea,Rabi,Loam,6.0 - 7.5,10 - 20,400 - 600,Not Found,Moderate,Project Crop Recommendation.docx table 35,6.0,7.5,10.0,20.0,400.0,600.0
Pea,Rabi,Sandy Loam,6.0 - 7.5,15 - 30,400 - 500,Medium (0.5-0.8),50 - 60,Project Crop Recommendation.docx table 8,6.0,7.5,15.0,30.0,400.0,500.0
Pea,Rabi,Well-drained Loam,6.5 - 7.5,13 - 18,400 - 500mm,0.98%,Moderate-High,Project Crop Recommendation.docx table 9,6.5,7.5,13.0,18.0,400.0,500.0
Pigeon Pea,June – July,Deep Loamy/Black,6.5 – 7.5,18 – 35,600 – 1000,Medium,60 – 70%,Project Crop Recommendation.docx table 10,6.5,7.5,18.0,35.0,600.0,1000.0
Pomegranate,Perennial,Medium deep loamy,6.5 – 7.5,25 – 35°C (Dev.); matures at 38°C,500 – 800 mm,>1.0% (Ideal),Low,Project Crop Recommendation.docx table 12,6.5,7.5,25.0,35.0,500.0,800.0
Pomegranate,Perennial,Sandy Loam,6.5-8.0,35-38,Irrigated,Not found,Low,Project Crop Recommendation.docx table 14,6.5,8.0,35.0,38.0,,
Pomegranate,Perennial,Sandy Loam,6.5 - 8.5,25∘C to 35∘C,500 - 1000 mm,< 0.5% (Low),Low,Project Crop Recommendation.docx table 15,6.5,8.5,25.0,35.0,500.0,1000.0
Pomegranate,Perennial,Well-drained sandy loam,6.5 – 7.5 (Tolerates 8.5),35 – 38 (Fruit dev.),500 – 600 (Irrigated),Low (Requires FYM),Low (Favored),Project Crop Recommendation.docx table 17,6.5,7.5,35.0,38.0,,
Pomegranate,Perennial,Loamy,6.5 - 8.5,15 - 40,500 - 700 mm,Medium,40 - 60%,Project Crop Recommendation.docx table 18,6.5,8.5,15.0,40.0,500.0,700.0
Pomegranate,Perennial,Deep Loamy / Humus rich,6.5 - 7.5 (Tolerates 8.5),35 - 38 (Ripening),< 1000mm,High requirement (Added FYM),Low; dry ripening critical,Project Crop Recommendation.docx table 24,6.5,7.5,35.0,38.0,,1000.0
Pomegranate,Perennial,Light Sandy loam,6.5 - 8.5,20 - 40,< 560,Low,Low,Project Crop Recommendation.docx table 26,6.5,8.5,20.0,40.0,,560.0
Pomegranate,Perennial,Deep Sandy to Loamy Sand,7.5 - 8.5,20 - 45,250 - 500,Low (Improves with litter),Low,Project Crop Recommendation.docx table 28,7.5,8.5,20.0,45.0,250.0,500.0
Pomegranate,Perennial,Sandy Loam (Shallow),6.5 – 8.5,15 – 46,500 – 700,Low (0.37 – 0.40%),Low (Ripening),Project Crop Recommendation.docx table 29,6.5,8.5,15.0,46.0,500.0,700.0
Pomegranate,Perennial,Well-drained Sandy Loam,6.5 – 8.5,10°C – 40°C,500 – 600 mm,0.35% – 0.60%,Low to Moderate,Project Crop Recommendation.docx table 3,6.5,8.5,10.0,40.0,500.0,600.0
Pomegranate,Perennial,Deep Loam,6.5 - 7.5 (Tol. 8.5),35 - 38 (Fruit Dev),500 - 1000,High (Humus),Low,Project Crop Recommendation.docx table 30,6.5,7.5,35.0,38.0,500.0,1000.0
Pomegranate,Perennial,Sandy Loam,6.5–7.5,35–38,1000 mm,> 1.0%,Low,Project Crop Recommendation.docx table 33,6.5,7.5,35.0,38.0,1000.0,1000.0
Pomegranate,Perennial,Light Soil,6.5 - 8.5 (Tolerant),35 - 38 (Fruit Dev),< 560,Poor to Medium,Low preferred,Project Crop Recommendation.docx table 34,6.5,8.5,35.0,38.0,,560.0
Pomegranate,Perennial,Sandy Loam / Black Soil,6.5−7.5,Up to 48,500−1000 mm,>1.0% (Ideal),Low,Project Crop Recommendation.docx table 7,6.5,7.5,48.0,48.0,500.0,1000.0
Pomegranate,Rabi,Sandy Loam,6.5−8.5,38−48,500−1000,>1.0% (Ideal),Low,Project Crop Recommendation.docx table 6,6.5,8.5,38.0,48.0,500.0,1000.0
Potato,Rabi,Sandy Loam to Loam,5.5 - 7.0,15 - 25,400 - 500 (Irrigated),0.40 - 0.60,60 - 80,Project Crop Recommendation.docx table 13,5.5,7.0,15.0,25.0,,
Potato,Rabi,Loamy to Sandy Loam,5.2 - 6.4,"18 - 24 (Veg), 15 - 20 (Tuber)",500 - 800 (Irrigated),Not found,60 - 80,Project Crop Recommendation.docx table 20,5.2,6.4,18.0,24.0,,
Rice,Kharif,Salty Loam,7.5–8.5,22–31,500–600mm,0.24%,High,Project Crop Recommendation.docx table 23,7.5,8.5,22.0,31.0,500.0,600.0
Safed Musli,Kharif,Sandy Loam/Red Soil,6.5 – 8.5,15 – 35,500 – 1500,High (Drainage Key),Warm & Humid,Project Crop Recommendation.docx table 10,6.5,8.5,15.0,35.0,500.0,1500.0
Safed Musli,Kharif,Sandy Loam to Loam,6.5 - 8.5,15 - 35,500 - 1500,High Organic Matter,Warm and Humid,Project Crop Recommendation.docx table 16,6.5,8.5,15.0,35.0,500.0,1500.0
Safed Musli,Kharif,Loamy / Sandy Loam,6.5−8.5,15−35,500−1500 mm,High (Rich),Warm & Humid,Project Crop Recommendation.docx table 2,6.5,8.5,15.0,35.0,500.0,1500.0
Senna,Rabi,Sandy loam to Red loam,7.0 – 8.5,Warm and Humid/Dry,300 – 400 (Rainfed),Very Low,Medium,Project Crop Recommendation.docx table 17,7.0,8.5,,,300.0,400.0
Sesame,Kharif,Well-drained light loamy,5.5 – 8.0,25 – 35°C (Ideal); Blast if >40°C,450 – 500 mm,Low (0.05 – 0.2%),Moderate to Low,Project Crop Recommendation.docx table 12,5.5,8.0,25.0,,450.0,500.0
Sesame,Kharif,Light Loam,5.5-8.0,25-35,450-600,Not found,Low to Mod,Project Crop Recommendation.docx table 14,5.5,8.0,25.0,35.0,450.0,600.0
Sesame,Kharif,Sandy Loam to Loam,6.5 - 8.0,25 - 30,450 - 600,Not found,40 - 60,Project Crop Recommendation.docx table 20,6.5,8.0,25.0,30.0,450.0,600.0
Sesame,Kharif,Light Sandy,5.5 - 8.0,25 - 35,500 - 650 mm,Low,Low; drought tolerant,Project Crop Recommendation.docx table 24,5.5,8.0,25.0,35.0,500.0,650.0
Sesame,Kharif,Well-drained Loamy,5.5 - 7.5 (Avoids saline),25 - 35 (Heat sensitive),450 - 650,Low to Medium,45% - 65%,Project Crop Recommendation.docx table 27,5.5,7.5,25.0,35.0,450.0,650.0
Sesame,Kharif,Well-drained Loamy,7.0 – 8.0,25 – 35,400 – 600,Low (<0.50%),40 – 60,Project Crop Recommendation.docx table 29,7.0,8.0,25.0,35.0,400.0,600.0
Sesame,Kharif,Well-drained Loam,Neutral,25 - 35,450 - 650,"""Not found""",Low (Ripening),Project Crop Recommendation.docx table 30,,,25.0,35.0,450.0,650.0
Sesame,Kharif,Well-drained Loam,6.0 – 7.5,25 – 35,450 – 750,Low to Medium,Not found,Project Crop Recommendation.docx table 31,6.0,7.5,25.0,35.0,450.0,750.0
Sesame,Kharif,Sandy Loam,5.5 - 7.5,25 - 35,450 - 600,Low-Med (0.2-0.4),45 - 55,Project Crop Recommendation.docx table 8,5.5,7.5,25.0,35.0,450.0,600.0
Snap Melon,Zaid,Sandy,7.0 - 8.5,25∘C to 42∘C,250 - 400 mm,< 0.3% (Low),Low,Project Crop Recommendation.docx table 15,7.0,8.5,25.0,42.0,250.0,400.0
Soybean,Kharif,Heavy Black Clay,7.0 - 7.5,15 - 35,750 - 1250,Medium / Residue Mgmt,,Project Crop Recommendation.docx table 1,7.0,7.5,15.0,35.0,750.0,1250.0
Soybean,Kharif,Well-drained Loamy,6.5 – 7.5,20 – 35,600 – 700,Medium,60 – 75%,Project Crop Recommendation.docx table 10,6.5,7.5,20.0,35.0,600.0,700.0
Soybean,Kharif,Heavy Clay (Vertisol),6.0–7.5,20–30 (Optimum),600–900,Low to Medium,High (Monsoon),Project Crop Recommendation.docx table 11,6.0,7.5,20.0,30.0,600.0,900.0
Soybean,Kharif,Sandy Loam to Clayey,6.0 - 6.8,20 - 30,600 - 1000,Rich (Target >0.75),High during growth,Project Crop Recommendation.docx table 16,6.0,6.8,20.0,30.0,600.0,1000.0
Soybean,Kharif,Sandy clay loam to Medium red loamy,7.0 - 8.3 (Actual),15 - 35 (Broad),575 - 1250 (Total),Low (0.47 g kg^{-1}),60 - 85 (High),Project Crop Recommendation.docx table 22,7.0,8.3,15.0,35.0,575.0,1250.0
Soybean,Kharif,Well-drnd Loam,6.0 - 7.5,15 - 32,400 - 500,0.5 - 0.75,70 - 90,Project Crop Recommendation.docx table 25,6.0,7.5,15.0,32.0,400.0,500.0
Soybean,Kharif,Black Clayey / Vertisols,6.0 – 7.5,22 – 38,~900,Medium,Not found,Project Crop Recommendation.docx table 31,6.0,7.5,22.0,38.0,900.0,900.0
Strawberry,Rabi,Lt. Well-drained,5.5 - 6.5,15 - 25,Protected,Not Found,Controlled,Project Crop Recommendation.docx table 25,5.5,6.5,15.0,25.0,,
Sugarcane,Zaid,Alluvial Loam,7.5 - 8.5,20 - 35,1200+ (Irrigated),Low to Medium,Moderate to High,Project Crop Recommendation.docx table 34,7.5,8.5,20.0,35.0,,
Taramira,Rabi,Sandy Loam / Light,7.0 – 8.5,15 – 25,100 – 250,0.22 (Current),Low,Project Crop Recommendation.docx table 32,7.0,8.5,15.0,25.0,100.0,250.0
Taramira,Rabi,Sandy to Sandy Loam,7.5 - 8.5,15 - 25,200 - 300,Not Found (Low),Low,Project Crop Recommendation.docx table 34,7.5,8.5,15.0,25.0,200.0,300.0
Tomato,June-July/Oct-Nov,Sandy Loam to Clay,7.0 – 8.5,10 – 25,400 – 600,High,60 – 70%,Project Crop Recommendation.docx table 10,7.0,8.5,10.0,25.0,400.0,600.0
Tomato,Rabi,Clay Loamy to Sandy Loam,6.0 - 8.3,20 - 30,400 - 600 (Irrigated),0.40 - 0.50,60 - 75,Project Crop Recommendation.docx table 13,6.0,8.3,20.0,30.0,,
Tomato,Rabi,Sandy Loam / Loam,6.0 - 7.0,21 - 29,600 - 700 mm,High,60 - 85%,Project Crop Recommendation.docx table 18,6.0,7.0,21.0,29.0,600.0,700.0
Tomato,Rabi,Well-drained Sandy/Red Loam,6.0 - 7.0,21 - 24 (Optimal Color),600 - 900,Not found,60 - 75,Project Crop Recommendation.docx table 20,6.0,7.0,21.0,24.0,600.0,900.0
Tomato,Rabi,Sandy loam,8.3 (Alkaline),11 - 46 (Broad),729 (Annual Avg),0.47 g kg^{-1}(Low),60 - 80 (Moderate),Project Crop Recommendation.docx table 22,7.800000000000001,8.8,11.0,46.0,729.0,729.0
Tomato,Rabi,Well-drained Sandy Loam,6.0 - 7.0 (Ideal),18 - 27,400 - 600mm,High (responsive to organic matter),Low to Moderate,Project Crop Recommendation.docx table 24,6.0,7.0,18.0,27.0,400.0,600.0
Tomato,Rabi,"Deep, well-drained Sandy Loam",6.0 - 7.0,18- 27(Frost injury at 0,600 - 800(Irrigated),High (Requires heavy manuring),50% - 70%,Project Crop Recommendation.docx table 27,6.0,7.0,18.0,27.0,,
Tomato,Rabi,Sandy Loam,5.5 – 7.5,15 – 34,400 – 600,Rich in Organic Matter,50 – 70,Project Crop Recommendation.docx table 29,5.5,7.5,15.0,34.0,400.0,600.0
Tomato,Rabi,Sandy/Red Loam,6.0 - 7.0,21 - 24,Low to Medium,High,Low,Project Crop Recommendation.docx table 30,6.0,7.0,21.0,24.0,,
Tomato,Rabi,Well-drained Loam,6.0 – 7.5,18 – 30,Not found,~3% (High),60 – 80,Project Crop Recommendation.docx table 31,6.0,7.5,18.0,30.0,,
Tomato,Rabi,Sandy Loam,6.0 - 7.0,21 - 24,Low-Medium,> 0.14,35 - 65%,Project Crop Recommendation.docx table 35,6.0,7.0,21.0,24.0,,
Tomato,Rabi,Sandy Loam,6.0−7.0,18−30,600−800 mm,Not found,Not found,Project Crop Recommendation.docx table 5,6.0,7.0,18.0,30.0,600.0,800.0
Tomato,Rabi,Loamy/Red,7.0 - 8.5,10 - 25,400 - 600,High (0.7-1.0),60 - 70,Project Crop Recommendation.docx table 8,7.0,8.5,10.0,25.0,400.0,600.0
Tomato,Rabi,Sandy Loam,6.0 - 7.5,21 (Avg),600 - 1000mm,Not found,Low-Moderate,Project Crop Recommendation.docx table 9,6.0,7.5,21.0,21.0,600.0,1000.0
Tomato,Zaid,Sandy Loam,6.0–7.0,18–24,400–600 mm,High,50–70%,Project Crop Recommendation.docx table 33,6.0,7.0,18.0,24.0,400.0,600.0
Turmeric,Kharif,Well-drained Sandy loam,4.5 - 7.5 (Ideal) / 8.3 (Actual),20 - 35 (Growth),1500+ (Irrigated/Rainfed),Good Organic Status (Ideal),High (Monsoon),Project Crop Recommendation.docx table 22,4.5,7.5,20.0,35.0,,
Wheat,Rabi,Loamy Alluvial,6.5 - 7.5,10 (Sowing); 20-28 (Harvest),250 - 750,0.30 - 0.50,50 - 60,Project Crop Recommendation.docx table 13,6.5,7.5,10.0,20.0,250.0,750.0
Wheat,Rabi,Sandy Loam / Loam,6.5 - 8.0,15 - 30,515 - 570 mm,0.5 - 0.6%,30 - 55%,Project Crop Recommendation.docx table 18,6.5,8.0,15.0,30.0,515.0,570.0
Wheat,Rabi,Loam to Clay Loam,6.5 - 8.0,22 - 23 (Sowing),600 - 800 (Irrigated),0.4 - 0.5,50 - 60,Project Crop Recommendation.docx table 20,6.5,8.0,22.0,23.0,,
Wheat,Rabi,Medium brown loamy to Clayey loam,7.0 - 8.3 (Actual),10 - 28 (Sowing to Harvest),~500 (Irrigated),Low (0.47 g kg^{-1}),40 - 60 (Low),Project Crop Recommendation.docx table 22,7.0,8.3,10.0,28.0,,
Wheat,Rabi,Loam,7.5–9.2,14–25,600–900mm,0.24–0.31%,Dry,Project Crop Recommendation.docx table 23,7.5,9.2,14.0,25.0,600.0,900.0
Wheat,Rabi,Clay / Clay Loam,6.0 - 8.5,10 - 30,781 (Ann.),0.5 - 0.75,30 - 60,Project Crop Recommendation.docx table 25,6.0,8.5,10.0,30.0,781.0,781.0
